duration,severity,frequency
26.435771086614178,3,1.422187259165569
338.70657308096827,10,19.85645704893886
33.558074390444446,1,1.5172510070854721
30.76862552972764,3,2.7840523973591047
29.93251387631033,3,1.7742951711996806
24.711445355220498,1,1.78197325617506
24.083707436671126,2,1.8975324810933774
33.909114358886555,2,2.400468319814731
29.81182648787576,1,1.814704738463774
27.12181086881113,3,0.863251870442348
25.920948575172808,2,1.9025273957855209
32.219097140731144,3,2.0416735354966216
27.77853369961944,2,2.4759801817549008
29.349284728161578,1,1.5800595517446323
37.93008408072676,3,1.7267463027456227
273.2633376220204,8,13.430692710113114
27.671351232148716,1,2.4606748014932482
30.480603884704916,2,3.0938249372750097
38.48228184145019,1,1.2917511824602663
39.54708320235065,1,2.389783363620191
37.89786072865356,3,2.6962360814712865
33.12059908526078,3,1.9484883993013922
30.982773882557872,3,1.191318524945716
31.161268485805017,1,2.288379033096536
24.386389892188507,3,1.9901254532326864
34.2882981160101,1,1.5168438071174337
34.49799937716625,3,2.5743667414647193
33.69233289997705,2,1.3737054938172522
40.665166873281336,2,2.148991118188726
24.661897853087027,1,2.6109002762594065
34.91345491972757,2,0.6805957498700501
24.95956844541298,2,2.884558350131643
27.899065914520712,3,2.1160779748710175
29.826441151473784,2,1.5914072666955024
32.524936394902284,2,1.6763796810059768
38.85400317817755,3,1.9462204340705458
25.092456744760245,1,1.3904426943403916
240.726882320245,9,16.61847897641687
35.94196636724042,1,1.3372450441587969
35.84647795222836,1,2.211327532750802
26.88650240089703,2,2.101836042446549
26.22308533823339,3,1.6382685955648562
28.702043243181976,3,1.8608044145945108
35.89648592031913,2,3.1454419620393814
37.207843103289505,1,2.6138604385695894
27.65262807032524,1,1.2004317567764935
29.614491452929478,1,1.81558488520373
292.32578605220715,8,17.66725034132972
30.58663691654391,1,2.2982211697803354
36.91079495518763,3,2.0547353020236443
32.35707778193202,3,1.2101922462970616
27.411943504819142,1,1.8195542902876964
32.48999145622725,2,1.8067616413740129
22.607068771100792,2,1.2759718139796552
26.364314120875658,1,2.1694073004053687
35.1876997212895,1,3.1666222021426504
26.48411787437056,3,1.601498598208909
26.34816684141432,1,1.9586761074809056
25.008229796306047,3,1.4579043044888376
352.9103523471954,8,21.914311458107242
26.998915614206027,3,2.328180434914274
35.79664901682124,1,1.335951868783126
24.010610537055758,2,2.171407581201312
30.33764102343962,2,1.8855085692548768
33.85432596943483,3,2.522948357747935
25.75077815267604,2,1.8315510872082545
28.9115939838639,3,1.848169238063002
22.96669451575889,2,2.773785047514463
31.80818012523817,1,2.1520630853349045
35.0314640460722,2,2.0916501060524966
286.0063456916989,8,15.66690195667934
27.55280278740889,1,1.8168842303408692
28.80525976566795,3,1.9246970402815784
29.04830660958196,2,1.6534065863817904
25.95753198553406,2,2.0152394251328323
36.334555745933116,2,1.969478287265002
24.467370456291647,3,2.5018547619053386
25.84524941794481,1,1.9193278941741032
39.41012248237517,1,1.904476155026485
40.952278129049894,1,1.713501097504527
311.42882637589486,8,23.488884505056063
24.043482513986756,2,2.573704665095803
27.345015224990913,3,1.1983697665920252
19.803839111199498,1,2.0034341274695184
30.051165305097935,2,1.9040892708966803
31.69248203747207,1,2.3198936658977685
29.288102574893532,3,2.8747906526362494
37.61514928204013,2,0.8618132457039989
372.2210194076846,9,7.849039364218648
27.188562353795135,2,2.399749626752074
20.062155426995538,2,2.015155828747171
25.402878828830985,3,2.8154645906314704
39.48396491326974,1,2.385719495957912
30.854327190639708,2,2.537587967834229
25.365347642109583,3,1.513276629300262
25.580712818994336,3,1.848084576006892
26.73335383713144,1,1.7447819737865164
25.888898022167844,1,2.687933086591978
32.88278481527883,1,2.029175502142739
27.482621729419005,1,1.851991386335051
29.221613823039604,1,1.0876379765496305
28.984773069785035,2,1.5674803868255034
34.11585291980957,2,1.5009850814101398
33.1620386952776,2,1.8971362045860134
29.752681451737836,1,1.9230869864008167
21.69519533242004,1,1.0821443629794896
37.75575987761262,3,2.7395394867028804
38.32737222231288,3,2.3894898560220006
22.87625906893272,1,2.0450214188266433
27.003124885231134,2,1.823993462573263
34.816880646221605,3,1.2945877509560624
28.636382151261646,2,1.9337416602290518
25.051975898707095,1,2.0150953936050775
29.90743432003805,3,2.070414213263875
28.827064333124266,3,1.9901882570947627
356.68117359295246,9,22.912240623274155
31.737908526808354,2,1.6192962283575976
32.52023257758922,3,2.7656618722897344
26.599876392107547,1,2.094923918106232
34.11272456051594,2,2.1412717630533966
28.0734320156912,2,1.786122156476624
26.015523722647615,3,1.5632951829560957
29.075489317785056,3,1.8576584821637083
30.105019208163796,3,0.8799750507402484
28.725113912895722,2,1.6305985656348891
21.375410837434835,3,2.1382718334463333
36.388324478942124,1,2.135487269423096
29.702373219691,1,1.9973013118192329
33.19296229388687,3,1.9532829645415002
25.389173379111874,3,1.626460960349179
22.75957829251338,2,2.3618052936144376
39.328872555723784,1,1.8251939066110983
31.995680571760353,3,2.241262024414296
26.03563583868828,3,1.728813839280602
32.36796215317591,1,2.943307323044705
22.938481493323543,3,2.0313426984434364
37.66369456501289,2,1.5287173042784672
38.22483856750642,3,2.1907692812946653
30.55461294854933,3,1.7725898420557735
31.68801331037601,2,1.8973564542559496
36.00606961081972,1,1.237739356690413
25.719580870455665,1,2.7459598231726363
27.837209060901895,3,2.449732485574123
34.36160318360339,1,1.0573999739894413
38.77397090992182,1,1.8952737171754621
32.7989522396552,2,1.414991174700544
36.35777547497079,1,1.6112304800775112
31.218436057459563,1,2.5062730005269183
34.86277224813365,2,1.6749916656647734
34.15167908272123,1,2.2073492643654435
35.49388425993595,2,1.0223617868449495
28.504963247670663,3,2.251450202457068
28.90164056081244,3,1.9528141249823094
26.183704217287417,3,1.9489357799825004
296.98555043041944,10,24.89462003432712
35.33337344794577,3,1.5239105966303252
26.767135578787368,1,2.23548925185339
354.37320870157487,10,24.26693221664541
26.131054004482134,1,1.732193330787294
27.37739866860113,3,2.513710767669387
28.773059419985646,2,1.0520175793463555
30.45880388267751,2,2.1631373354233427
26.037396307836495,3,2.6986132112793815
32.852993342965796,3,1.7621473681344015
33.0300497567282,1,2.008445358121242
32.64902088957641,3,1.8904219901434691
30.4329489373645,1,2.4807108426837714
32.57523843153024,2,1.9452253542653983
28.871118497567323,3,2.861064302842485
26.81130007874342,1,1.3279427648184066
28.75517925760463,2,1.7802056444841132
39.062242789984644,3,1.979415261543725
28.074588597918417,1,2.2967145865968046
35.22080438534536,1,2.2219401151087177
37.102521239949276,3,2.595979428058558
30.38684153823809,3,1.8671152067530086
33.501549397044954,3,2.3384831936697688
29.37106539950176,2,2.3043037211783703
23.744432118073483,3,2.5292422717651624
37.013971554680495,3,2.8405461574652437
24.372554763508116,1,2.591226913302652
28.1951691709046,3,2.7843893020514243
27.18766612052866,2,2.025813188355604
30.23699335658207,2,1.256861485024853
27.940615169387662,3,3.16708179006352
28.541531251033618,1,1.3360409641563633
31.620419846973974,3,2.372900625530202
28.959388748213623,1,2.0957604819329823
34.26216667398112,1,2.036885053943443
396.7352999216695,9,16.163564548874003
36.72710023077489,2,1.7257801640865051
25.708211099093933,2,2.3351099486386695
224.2452328522175,9,21.089159397561076
23.92905693606134,3,2.6285299783445466
34.75211919093025,2,2.04156123282834
24.592259981928024,1,2.4228007572334755
31.044317975023777,2,1.6091437396940156
267.53041531281275,8,13.06921027947381
13.793663299654636,2,2.519194377867306
21.862287810584185,3,1.4509272609845767
28.286562029598258,3,1.6869049838892167
28.895152002333884,1,1.7545312750643174
23.24157697191833,2,2.0961173820976153
35.41525621587638,3,1.1185837580786524
27.222614404198726,1,2.075202719088082
32.975785127184565,2,1.7946456704487916
390.1082404215723,9,12.96438002470186
267.1283921223431,8,16.805692360278137
318.8287007569562,8,22.807010249238715
35.40390362777311,2,2.424281017237874
256.57794853739256,8,9.629620201176053
31.252464251729382,2,2.2400297900433417
25.50792664325821,1,1.633106013107318
369.3379033065577,9,10.071689218003424
31.017318179336115,3,2.3663246803645412
27.606256891682612,1,1.3839288350925836
26.478281547286205,3,2.203962508757143
27.449918005726264,2,2.0961413371995206
27.696806145201062,1,1.7083210138863258
30.872889064159196,3,2.723251967973289
276.9868299208338,9,25.297402650866694
36.83437133722262,2,2.3794693000609737
29.66960100676342,3,2.1197882701816044
31.429326953624525,3,1.2298761839844616
24.688481431369475,2,2.9306577986181974
33.29272136336415,2,2.274615398250824
33.95515973521523,1,1.1505754000981772
33.79484610246634,2,3.2073954993293157
37.32824384460777,2,2.0443233486990064
30.979226275488408,1,1.560758581725965
26.400778958026457,3,2.612313543613166
30.909331275292477,1,3.357973286156441
20.646040394870724,2,1.819118465581593
31.44584321953909,2,1.6210038887406633
340.4928920818513,9,23.032140068450357
35.26576426666452,1,2.292286313974784
29.426317792665504,3,2.0285065681855254
27.640340671052833,3,2.5087506145420906
26.61419144243944,3,1.604966837432361
26.93605654757807,2,2.1069519341007408
33.73646802561631,1,2.8964612956654365
369.3628705526298,8,20.492314085371014
25.855024945389637,2,2.016362245770354
34.10241090598682,1,2.5185236443699646
23.259072889471433,2,2.6372959376467575
33.27182828177029,2,2.2106899055490414
28.930055778872454,3,2.3570517498600463
365.982224723865,8,20.426406589828694
32.36916460455894,3,2.1308314863482396
36.78120014285412,1,1.9177184644957028
31.855729366856544,2,2.030557804683694
25.801390789096118,2,2.525055298054457
29.11526386252975,3,1.5974453800568538
31.120462409052084,2,2.0979875169323012
24.64553750969444,2,2.4500884934562333
34.13591624518012,1,2.6952498906203735
34.57701058851037,1,2.2472217070418092
26.865164711061162,2,1.6524781699251303
27.46528412314435,3,2.0629234848096787
33.93542301871226,1,1.0313188417617702
390.96115916498604,8,24.04446460053005
37.37678108474776,1,2.3251908943606345
33.78494308322676,2,1.7950197480736132
34.24801048510513,3,2.002905279271225
35.79297789503702,1,1.373325903439057
28.655556547225846,1,2.0039821413236654
25.253005555840286,2,0.9192198333404034
28.829233126383322,1,2.1424449462860995
31.732241047484877,3,1.3172689889039098
32.71680096189967,1,1.4266676427395484
32.712800217929825,2,1.7966384584767081
27.611712766174417,1,1.8977725101573877
31.119420121395656,3,1.987986070959698
31.171073662682602,2,1.3653023966921976
29.63994939209833,1,1.329723409998086
246.8851422416813,8,29.826707308610423
20.975589496677404,3,2.2046291937986213
36.53571377141214,1,1.6753672109620377
37.39972069445013,2,1.4527067302235355
40.94901466608836,3,1.1968114971954098
271.53081499259366,8,28.17097633288588
23.277747444828613,1,1.9968242216135657
31.48060138532288,1,1.6888109025045985
27.923560430495993,2,1.6373655110194643
23.810922505865754,3,1.742141465033499
40.4619363784273,1,0.9851630661302089
34.79635413042603,1,1.6771143246817157
34.58930973527388,2,2.0474968756781524
33.57000247046046,2,1.4510688208253884
37.38947022370758,3,2.4063447128219977
29.278197940380288,3,2.39109130397788
29.722261505516904,2,1.9028342272898358
24.61127611035347,3,2.0761577567883123
29.193571441669953,1,2.1303314165752036
32.14809109566293,2,2.1650325004063107
31.536497604383047,2,2.716171015608751
35.14577818662822,2,1.237340454883272
30.141591880652307,3,1.7350311152687554
25.89658840824145,2,2.1743221721671104
22.216854132380483,2,0.5837402146118957
25.17538269709948,3,2.2260166722928845
33.554799841017456,1,1.9672261966094975
33.25695625652899,3,2.2835277586940514
28.591076955697464,3,1.3984336989916537
34.32877597085061,2,1.9705590950486376
27.053176215278942,1,2.2606476452978783
35.7141140725751,3,2.294528473702934
29.960136793416915,2,1.5280746472881412
31.87849009172836,2,2.649405662423526
23.103403859927365,2,2.3896369436970817
249.87640341970527,10,21.54130420281246
30.370473902098876,2,3.3654336166117838
288.1028226326463,8,26.797057099807
28.762406822242475,1,1.5029099537991064
30.571138243310198,2,1.8634901196369902
24.46832512996986,2,1.7580944342294518
291.83395963580506,8,7.952628393908547
34.44815397811718,2,2.020689526292924
278.38810804176865,10,18.888976685385497
33.409457448131555,1,2.0055707815243786
31.63066511121059,1,1.4723064914537562
30.22785919951907,2,1.3668297471871478
31.920327244696537,2,1.5568898281952972
31.06989955367111,2,1.8465594256563136
26.740819460989204,1,1.23016674036334
27.896773386173205,1,1.5366434487539093
28.452267803430047,2,2.0341853146551303
33.56499215086194,2,2.4724858326943657
30.532151138459483,1,2.0326340976712767
21.96776839871214,1,1.020304886954628
26.13495108072267,3,1.7366222836725047
348.5196694923426,10,10.862628229735048
39.23353662868017,2,2.3548206452529037
36.778189294024756,1,1.7342215313784717
30.85684140594985,3,1.7487687565446917
27.345656135398396,2,1.4868901806274861
39.43092950605265,3,2.359918645435695
30.48497982496359,1,1.717357611800459
35.71877021603464,2,1.5786287049925294
40.303739624409936,2,1.9472349739988464
19.59035296058139,2,1.2977178714651791
27.385699864233658,1,2.5876415539120243
25.300601068363225,1,1.673551613794219
23.845678417830225,2,2.656204310871316
29.748809452754315,1,2.606658204592821
28.84532734895661,3,1.173540651080558
27.41977635891313,3,1.6911816953028767
32.29590039614219,3,1.8816156985179702
22.148876400547717,2,1.7010958067573203
29.516434440648037,2,1.8399540095278049
26.81306436346741,3,2.050260047254081
22.57219813481514,1,2.0785272907047205
32.483570765056164,3,0.8486515052276418
275.2609527116558,8,22.754933287856566
249.39525571012115,9,22.847071334505177
31.272104216506065,1,1.445917734404599
34.12708174494015,3,1.917300490928244
32.59673257120586,2,1.9062329399725633
34.77571160250619,1,1.909260835210402
32.803922631841175,1,1.4344868042540284
43.600845832948096,2,1.8107729740767702
37.61562038634828,2,2.2640341838731173
21.96258382719386,1,2.473912901418608
28.061492200320078,2,1.905293164509225
30.026218498590914,2,2.4429015688008597
35.154997612479754,2,2.278410420387499
33.05292872641912,2,2.789053403955757
32.60970782808449,3,1.5783696978531288
37.25571803897521,1,2.16975724190942
324.0152326506649,8,27.97804911505474
32.57219417029374,2,2.391435121790673
32.8853606359027,2,1.3692725831724455
31.399843131599102,3,2.348551427954136
25.478416874477958,1,1.822506357943356
278.8683219639221,10,24.996648556198767
19.662789499800617,2,2.0517720693196964
41.49449061809625,3,1.9575550907488233
31.613592801690448,3,2.12646840713254
20.23956100238749,2,2.380452371578454
49.26365745327361,3,1.6979938625374364
31.178072790542828,1,2.1276366937067817
29.308678494144075,2,1.7775271199376643
16.74515095803494,3,1.0833294177467836
22.8206892441028,3,2.268371811506231
29.834365135631014,2,2.705525450529612
29.209960507105052,1,1.9103947626873057
18.490394176322077,1,1.1330082352913236
34.16961077274452,1,2.319258930297243
340.16825244105814,9,19.72595682541261
20.406143923504793,1,2.1389915323713544
36.843157787661745,2,0.9660726367820038
35.94508265553776,3,2.2938658262399714
36.76936187082706,2,3.34376718284848
31.70575987408322,1,2.200885641279287
30.349010424950094,2,2.4169036695796824
31.28775195361382,2,1.7426792253909265
37.23488942176866,3,1.7881117942759845
33.95831346981468,1,2.621926466293157
28.453938120743928,3,1.3593511632615725
35.815818760774796,1,2.3826951070852167
29.82505754751519,2,2.8357414455910464
26.20433669223151,3,2.4512346112508916
22.42404468900724,2,2.103362023622497
304.39844105264154,10,6.490824329252796
333.8299008307924,10,18.814615045572108
32.44687280613959,2,1.668139811510144
30.578373171464293,3,2.3055718273247714
31.88650246522426,1,2.550577881123643
33.37409746083302,1,1.563535161630217
26.875907111521606,3,2.2690308600909046
38.43570817536282,1,2.9201085674209954
17.641777499363553,3,1.4682989967145246
27.959623134892244,2,2.1204624986447342
35.32740187532676,1,1.7094269772749917
34.770008817466014,3,1.4448002413519896
35.16232630275574,3,2.255707750464977
28.32107650354936,1,1.9225376990818617
244.91034010400531,9,9.21699651683606
31.556250772717682,3,1.6276078966367364
27.04214305582085,2,2.1520964597767107
19.63304883795925,2,1.5262539325131128
349.77662345415405,9,27.34899463138644
22.403150170229935,1,2.158735967365545
26.40777889373782,3,1.3939550540308674
29.241074524822082,1,1.9002356633352957
30.29609217007244,1,1.354817757728582
30.065009459389536,2,1.4442934939327825
34.10951252187612,3,2.3672245167438275
29.464848200227213,2,2.0724338323287776
31.66831052643474,3,2.501783280091643
270.07870323282197,8,18.768451223165965
39.157293829271765,3,2.5817543839774935
30.025567283212304,2,1.8747659805040446
31.038438435815557,1,2.3099631661979023
42.276500699554475,3,1.2168251335179536
28.8293152152541,1,2.1035469311164756
40.05102269383175,2,3.3171110218249793
28.75481980221811,1,2.3182981629109145
39.82362566458195,2,1.5838530584409138
24.594717297958688,2,2.018930957504475
24.285148510846884,1,1.9929902308712057
32.53637015553649,3,2.3702954340515237
37.480221557445915,3,2.3578291223789454
360.8686784875815,8,21.304445323410487
32.694550218423295,2,2.244345976354609
29.802224230716725,2,2.0019015380615937
28.327493820795258,3,2.301238604719741
29.62783285449977,2,2.196634611735111
22.246682844669337,2,2.063224511411731
355.5789328565984,10,15.496764408861623
33.62883311949346,3,2.1059085394872388
26.615389998470206,3,1.573131732657544
34.69141902987999,1,2.4207641710198797
29.080083318236603,1,1.3156477282201657
38.77670421221602,2,1.907821674641452
30.06964645956473,3,1.6755430593637506
34.92161199238292,1,2.2347859091742164
33.28276804316915,3,1.847888059414093
24.81376922836772,2,1.0903460356676382
30.56758672625624,3,1.8672265809907882
37.690182832329846,3,1.5931773219701628
27.238884778595143,1,2.689354873131675
30.342814874030136,1,1.6560313062680865
28.98903673783053,1,2.1753925878774045
28.039459234339212,3,2.1643260801866044
30.653702886430455,2,2.6842109772363374
31.16024968678818,1,1.3416255765889715
29.635855436715637,2,1.713281089228881
33.10904981108598,1,1.6689345772662005
33.07083350021713,1,2.2559620455146376
27.115481721687985,1,1.766448296604612
26.42348145370016,1,2.1897410285827537
27.56437308117652,1,1.3927703596236691
29.715271881394663,2,2.801126612803455
21.434327354545612,3,2.3266415866247687
30.610049073226808,2,1.5318556837966137
21.936420644051744,2,1.7752119808873594
27.644808471908387,1,2.514341305348196
32.366188122867726,2,2.197654731229242
31.926586898644185,1,1.5385849051365834
273.20204272953544,8,25.273332893843815
21.652973594393142,3,1.9770149960414274
32.96550628984192,2,2.0957534693963655
31.571236662976368,3,2.0841975962376234
27.26570529379804,1,2.2797245379975184
30.321400095477316,2,1.8522293799267255
38.82727120140548,1,2.5809669067280483
35.79055436750034,1,1.2407755280176298
29.55439980243606,2,0.9188903895411034
27.131689965598817,1,2.4216863110785294
20.201649380601122,2,2.439796293993183
33.4302572999922,1,1.3799698537647078
25.51372814257084,3,2.067772296079315
31.83299123048424,1,1.8004440738986252
339.64674267465534,10,24.46294758557176
26.110916562045624,2,1.483565385706473
33.164659088777555,1,1.3775843808909216
22.42127942501384,1,1.7011452431334537
27.34749426194736,3,2.613202571935192
27.573182260854484,3,1.5957900877383064
28.815906966299956,2,2.173953058162443
23.397716934578618,2,1.5569787728341633
33.10336048775339,1,2.706497377813415
23.398833964896788,3,2.173765188079037
39.26139092254469,2,2.578907421012005
25.872514016037442,2,1.7989666277416647
35.838910308299035,2,1.914068506768354
34.11030079997245,2,1.7361115678770305
23.007162130904295,2,1.5066069771302275
31.62083176244221,3,2.2729085872810075
26.50137246003707,2,1.5559260521363116
37.20636644533058,1,2.594072867353492
32.91964092662982,1,2.6328147677928158
29.42730077373691,3,1.0949837983637103
29.51970050137675,3,1.9101879998823814
27.351198981164806,1,3.150205042723485
35.44475298483683,2,3.331591175059912
42.228759898084135,1,2.2922516080596544
28.650625323533145,3,2.9785318202708204
32.02025428407269,2,1.2997460198625284
34.3480296005283,2,2.5726945942736763
328.98216146613237,9,23.249807830769434
360.88742428256,8,17.450707311178583
34.06262911197099,2,2.105235270765242
31.299413971242117,2,0.6132185685432758
38.34510762644696,3,2.350368142566449
33.348362744150194,1,2.5380731563200065
27.443921617844076,1,1.9326157104424404
35.2682089830392,3,1.6288852399041827
30.93227157384714,1,1.482813586038201
27.16851135198614,2,1.5821189324895455
34.85785475477178,2,0.8961245418087156
23.761084090175753,2,1.7159288350828328
22.88873145201163,1,2.64366219507607
31.118939758194493,1,0.2642850540308086
25.07136976832228,1,2.3860107810017115
22.425763876570677,3,2.0607525057008576
37.75250246407038,3,1.652164311075899
27.199094799015153,3,1.8665426439928394
292.422227249501,8,19.813130701006934
37.965933133196984,1,2.0533935967370867
26.991466938853016,2,2.3401326896477403
28.77128467957028,3,1.2296034787845667
26.163262185559752,1,2.0459323728242467
287.4134659003747,9,5.900345339982895
30.546973973024464,1,1.6164727467146618
28.393070791735035,1,2.2621323388215844
21.106398755478608,1,2.257521336638094
33.77695612912878,3,1.4082969058667345
27.491214782077318,1,1.2540319267643127
22.92314628974793,2,2.4142272578475534
23.895781750144888,1,1.6460736616284084
29.722076645447725,1,1.7030799188766805
30.337592407050543,3,2.0535211910393567
38.97938836547761,3,2.0162877887042807
42.800422691343975,1,1.8020856096341689
23.359069755507846,1,2.3035655503918093
34.877725635611796,2,1.0260582433394185
21.537676851425903,3,2.727510611381582
34.28199397161736,2,1.5537720803215482
29.627770421169163,1,1.4448883067452
25.863845282238387,1,1.968276968027927
21.449158036716874,3,1.7910182480806776
33.169595111590056,2,3.0050046446500005
32.067174516118506,3,1.5528250436622986
27.40864890863176,1,2.288955256895755
31.357894185976868,1,1.4554599419260978
28.369882339160796,3,1.7161471078906572
28.55670680539931,2,2.550298803380655
21.18479922318633,1,2.8996357875095
27.688623556474788,2,1.0527634655815177
28.24243257979346,3,2.1400606944847245
33.24354943794821,1,2.526264470674832
301.99681986073455,9,22.732318820738314
31.305276360899448,2,2.239044998313728
26.686881205270765,1,2.0027462751216967
25.69357899335868,3,2.7167112099125843
28.932764241440765,1,2.4171163328700804
21.725716640671152,2,1.6452138535233876
22.849293110196836,1,2.1003259019778433
32.73548690585019,2,2.903938079399595
303.48734244205247,10,23.189483690834145
29.836233648920008,2,2.1182908754380985
27.801344708629124,3,2.1659219316292577
32.95327415346155,1,1.760716378991943
390.6671975991388,8,27.97367003658458
33.431300951872565,2,2.3164808757549133
29.43835975154585,2,2.760699248915961
346.59898774797875,10,10.81912767783751
35.677828200902994,3,1.5404099306396417
28.67671583381022,1,2.102843187480342
341.02777095031865,8,21.48563676059702
23.55019550129473,3,2.4364595933853934
248.50326645471267,10,23.640244312149207
31.643755548298422,3,2.3618068095888898
28.42365377679827,2,1.3334213446731726
33.128336738825034,2,0.5643586685212694
16.515566785292144,2,2.0394480482992545
43.161910324186955,2,2.1277868268561844
22.607390048162863,2,2.3208437185773247
30.49666152714613,2,2.9456939247751697
240.0858307126421,9,22.698901294959786
21.483087803224226,1,1.6104241740358514
35.07185032509065,2,0.795055916446596
26.04762772277344,3,1.179866680387342
26.996806550405974,1,1.5095412785198512
33.837173645764544,2,1.4395888172398064
31.48492336616593,3,1.9323785521839842
27.70319550229878,2,2.596978129994139
28.077222278850872,2,0.980519361497292
23.099492708925542,1,1.909755105534183
31.20981135783017,1,2.7052840025025793
28.361689267011158,1,2.3117744284508186
32.56633716556678,3,2.537716531552519
32.41236207621593,2,2.3890545930630087
26.942410985040258,1,2.0603784030947336
28.798373009209325,1,1.8868695644131241
305.26546604395435,8,14.342931943681956
25.838222134478855,2,2.203238738619209
268.01177362779333,8,18.566394126193796
26.535452023696728,2,1.9774865885855666
33.60836032021618,3,2.364342398608458
29.421758588058797,2,2.1405897811347265
30.888505004666268,3,2.1628536789066
40.76591228755778,3,1.544648088467634
29.867430622753915,1,2.7274053224958714
243.22695531509348,9,22.562332580951935
30.23490296882371,3,2.1150047618814183
33.58771127897981,3,1.711234953246223
21.20630256788443,1,1.665294902583724
248.8402244340853,9,19.93141950316866
33.114249661737496,1,1.443472786468144
23.323278206449494,2,1.8152072355414315
327.00121158084613,10,22.18040977563625
33.87317026714668,1,2.440642390716384
24.018966879596647,2,1.8342718511376805
27.386384897404803,2,1.7809450878782025
31.05508733601309,2,2.617560910974264
31.352284128899193,2,1.2936657909144864
27.82751886283842,1,1.7181499124710495
30.733568432166614,2,1.166694854425042
31.224832855543614,1,1.0319423431606891
30.99529847786735,2,2.4912867318138887
16.901274479551276,1,2.4442994401654374
28.62474151424178,3,2.58808755261996
19.80937732411073,1,2.1329431490296664
31.465362366493405,1,2.930902891834816
25.766031409657977,2,2.1767414529743334
32.94158603242288,3,1.4184052694731806
20.43359877671101,1,2.607239566953673
33.787538550236526,3,1.9158458830189653
26.23131917821255,2,2.085149181081197
30.301151049705133,1,1.275071717259547
40.37700399322719,3,1.362083956715031
34.35562351715846,3,1.9849278652395745
36.52739403577164,2,1.9544154402219065
27.767425239664895,2,1.5118123643583141
31.28014867156938,2,1.89098206090089
30.93383382238539,2,2.52680619962183
39.244780474726724,2,1.5726635275142917
36.278780627867604,3,2.2239308738758967
262.5484264522452,9,18.385877681266958
23.597853237518585,1,1.2792589691951113
35.45753425961231,2,1.9859580672035102
37.82321827907003,1,1.929978574028881
24.70393239055524,1,1.0710039791877977
312.18185235137605,10,29.348076652522586
19.380521378450965,2,2.2141564812367482
28.454139382656802,3,1.9584831982536135
35.245046129184445,1,2.069888484883118
35.01766448946012,3,2.4565001101371498
319.155010603661,9,18.140634195722967
35.54351790291454,3,2.478863826831005
28.38969241897162,1,2.413925047981209
32.93428546900135,3,2.583274295488503
32.56892975456105,2,2.0483749474795583
27.116143347158335,3,2.5551511809913823
29.065641779193204,2,2.0239807229907734
30.148780697478728,1,2.1123128926945096
29.826575563066093,2,2.314312616420608
30.13045525105417,3,1.9791595988050532
24.987353176810956,3,0.8615043962334745
250.18041554164665,8,24.28736749000618
42.316210562426434,3,1.446845909385829
30.176317759858645,3,0.8954241904556495
31.661570059897958,2,2.212117129855949
32.063904634682494,2,1.4127647366166416
25.91532164506382,2,0.7208158083714489
34.630887737658206,3,2.7928232464428664
33.05185132716733,1,2.1119776390448672
25.68004615160092,2,1.7849216822040816
264.3752903595881,9,15.991064236454994
27.23175347326409,2,1.6458557686991684
40.610780985063165,3,1.819763297897702
33.40750348686312,1,1.186840323019208
42.8667990162493,1,3.0937444146871034
31.554537827990025,3,2.1363488967649675
27.301201598453193,3,2.096146489070948
33.45071995855556,3,1.7823888835996857
184.54081343575672,10,11.615457630153728
24.82378838790313,1,1.6926135674215408
31.634636868820813,1,1.9376911019049352
23.602115166321493,2,2.007509613297145
30.4853877467402,2,1.0504118060422662
34.0643105941948,2,1.4054943588099826
35.632825147738785,1,2.167518562631234
32.31051737131635,2,2.058860608690455
24.245032112888488,3,1.5987536333941763
33.71632047011357,1,2.4050311520263454
26.980074066420897,2,2.2469759359968604
25.714212217918586,3,1.9195475459754037
29.938766135765427,3,2.018975218145223
24.878061793328552,1,2.2527120466083494
26.461652671906094,3,1.6320707753385826
33.39798874467338,1,2.9057524062967586
30.435235341190857,2,1.4805990859987221
25.988613653891903,1,1.7885940194572283
27.348711908137794,1,2.4606238424551727
37.2669223855885,3,2.4154261621396835
34.6201350960345,1,2.1016514717845376
27.993897640570818,1,2.3752934269178883
34.65640059558099,3,1.894814920719477
26.13587392731214,2,2.0399966902795716
28.125895962252013,1,2.378026661039323
32.2213165574302,3,2.9908459032000145
33.75966516343387,1,2.1693602514348176
32.504585938121906,2,1.1855549082127426
30.357831186096963,2,2.582903009604193
22.962441526410892,2,2.4775481897207383
23.776726483442914,3,2.428308552312839
27.74967264260378,2,3.0526012006040055
26.77440122697438,1,2.132949239906924
26.345349800290403,3,1.8547124484513189
34.14702790591745,3,1.993264089167421
24.447120772670857,3,1.570775029812657
32.45959585753253,3,2.018031695734814
264.81727252167445,8,18.163855048347525
25.126591648863393,1,2.599320685995526
35.26901026017451,3,1.4866796326321345
20.795628843341774,3,1.9613138043336136
27.181377235980126,2,2.388765620407472
35.159222697343175,3,1.6416800649738776
39.38085419607943,1,1.675334344039803
33.538759677277376,2,2.268545416530572
38.14307772785646,1,2.188675351381615
31.24110293150168,3,1.865140734221332
32.35734178567998,2,1.1837207985039533
30.91671002869176,1,1.851866278245559
26.42824290986816,2,1.461654915387435
37.737526006650306,2,1.236864501638894
30.498256825438204,3,3.1071257617311376
27.60412881077355,3,2.2897212864336307
20.66367403704126,1,1.7290825061656792
38.761352217118116,2,2.562793885520172
313.4512034068767,10,18.804381527485205
180.43627844879256,10,22.32792008270516
263.4243298051835,8,28.498162083221235
31.0146151042565,2,1.6449594404797812
29.91788551963624,1,2.2045140268713186
30.48838049274416,1,2.44433137677548
38.97278931758894,3,1.7972949961931108
28.44866621703272,1,2.496344269456396
42.63466212936811,2,1.7246394021522444
30.122550871294713,3,2.329690293093476
27.654121739476476,2,2.3209652674807755
37.26767038578659,1,1.9741779224174576
25.46218168979201,3,1.6431230718646745
26.108476372988438,1,1.9258885612041148
32.39489912873196,2,1.9323728373031537
36.03254483254179,2,2.3451184001901364
213.9948724526091,9,18.789253870880348
35.897200603606436,3,2.1325777636494436
33.14814420961806,2,1.8723740289488733
327.0528381746319,9,27.974276743491036
26.00851377730773,1,2.4789411140884883
21.4870819788108,3,2.0595092030269875
39.38397906279033,2,1.6580202491004514
30.75196893238104,2,2.1072254169858207
19.874287066711965,1,2.884931210338483
32.462256320040744,3,2.169496842654623
30.83226104106528,2,1.6019146476531276
30.646105909876137,2,2.2248279533129254
33.75693561685895,3,1.7689519906743008
30.24042473330691,1,1.8190943303837162
33.058381444204336,1,2.1796047002289205
38.16205651965818,1,1.084615775802567
340.8036421696924,9,22.988263231766247
23.477652497475734,3,1.9907209971169662
24.354741143913856,2,1.7559015013838766
31.912048730920255,1,1.7567100546630963
27.1209087967766,1,2.5785481927319793
32.466589504404446,2,2.4943345846790015
25.52696348890248,2,2.185547025656961
34.408198784747256,3,1.6272632539689424
18.944323454960575,3,2.1952614487825004
29.649171442706766,3,1.868510598109661
30.092169665326967,1,2.7739998769620096
36.18908155986731,2,1.6560330665814111
22.027861706028165,1,2.7370280262440403
29.836526259529535,2,2.1343307133418863
30.409370696931614,3,1.8423675778792268
28.7371592430342,3,2.6547364481753566
34.84322495266444,3,2.0392146995093214
33.163909330531425,1,2.1202356246651033
30.092091895947757,2,1.6672572926548923
372.986593751897,8,19.62936446784978
28.494481522053555,2,1.5371895751128168
22.957693518182204,3,1.937512106820867
32.85445255346583,3,2.4423033949313466
26.218246273578483,1,2.4277300043413224
29.904918960486555,1,1.147560722933838
31.539008844460295,1,1.62899693217118
23.086001345178317,1,2.585622894660772
30.41141994637712,2,2.274354133992516
35.59787455717289,2,1.6772152856757623
31.110668858168566,2,1.899625418223568
28.203539546064704,1,1.8156020316610824
30.062962003908975,1,2.1584897088867034
301.6663962832901,9,17.629104217101776
32.024908554804774,3,1.615817526342964
31.788936801741418,2,2.050822143844755
37.7496720250877,2,2.478220174173811
30.601478158559495,1,1.4927905614160002
35.285611131094576,3,2.0192959701135167
28.18193893893072,1,2.4854706656884304
32.81484618345286,2,2.7410112468078953
235.04416778494664,9,36.30245540345712
25.22229779699787,3,1.757174411954664
22.990744686038596,2,1.6245472251099429
36.23042596248815,1,2.1676193435349744
22.962681128117225,1,2.333730390819656
31.448874284482066,1,1.7760427601565076
27.578829635668743,1,1.984040752678319
29.071705116680914,2,2.0738496626133887
376.01696186547514,9,9.693372720294292
36.38838410949255,3,0.7986230325501564
22.682425259339407,3,2.4501143294576178
32.40504615868357,3,1.5898793352756493
45.39440404227619,1,1.151451307506874
25.453062726026303,2,2.728597879978123
38.382186561376415,1,2.436584715346733
27.038030378805654,1,1.517797872694154
22.48428523440947,2,2.316680657421826
328.42401126372994,10,12.60926456099169
31.65631715701782,3,1.1311351224743538
30.984306179345616,2,2.6555794431590525
296.2562030896755,9,26.71437106474706
265.73969010702973,8,18.935958692591978
33.07967803472132,2,1.591798006949479
33.23844269050346,2,1.5625898099619404
26.88429736787618,2,2.1237559582881023
25.908896583832636,3,1.668643114068535
32.04126377857236,3,1.128075941683551
26.371280934232672,1,2.1081584407842504
24.93947812369916,3,1.9193178134952347
41.573292833367546,3,1.786621441558823
21.6923996886552,3,2.114491212530539
31.672283949935125,1,2.991693117425856
27.561968879637533,3,2.1459308810000075
30.37902279096863,2,2.1862173234911064
26.161012174479357,1,1.8962612386580637
31.78556285755873,3,1.9570533751411041
23.889360955540273,2,1.920202719087502
31.71809144784231,3,2.7278093450405585
27.77248739299614,1,1.5192558151722313
31.507736711668063,2,1.5898280877346522
25.10813611192484,1,1.2937321182894985
34.87559866708875,2,2.5973370721640108
27.534995326705836,3,2.120619068827674
28.882686073370746,3,2.1773892410850997
25.38383376944548,2,1.8811524376551796
35.516509410082605,1,3.051903046063705
25.112223776007244,2,2.6362437232993696
23.944919001187717,1,2.4519613753684277
29.72852566741094,2,2.0115693615490837
32.362987412065216,3,1.4330922024565584
23.771306106440058,1,1.889443452355749
331.68057702879156,10,20.013426703773895
27.371224891596196,3,2.449567856843746
37.51178526048014,3,2.240073068111185
29.879374564449982,2,2.094546246919526
31.082292947909874,3,1.5854915401708187
25.803912383886807,3,1.7026118727221689
24.351465726711908,2,2.125226203863889
24.594683362000513,3,2.261121840624005
34.06758608684835,1,1.9964786005376323
31.900989255029817,1,1.3509365574726848
35.292122434247936,3,1.55283368845579
30.990423803839274,1,1.4473233412236042
32.064657271378124,2,1.7454023797572682
22.32942914632189,2,1.8717060349089132
30.75150880730939,2,2.182562705991505
30.29104359223,2,1.7369609838940205
32.58829510234561,2,3.008953981916619
35.47095759235474,2,1.8902780941775685
32.00855861049471,1,2.2108422341322225
322.73975848211904,9,14.967433536452099
33.226879747925736,1,1.8899026864960211
29.264713092489306,2,1.4393096809626076
25.106181421088465,3,1.879292794789897
26.746787154390866,2,1.873372544987395
322.7091583594919,9,21.98315002299677
24.97929616623966,1,2.3092441902282377
28.185807197801704,2,1.3783380357969506
37.64775159730307,3,2.0015420634125136
29.820869804450243,3,2.606865718862921
37.51996494291345,2,2.4449581662825843
37.0467372009279,2,2.2860463892024607
27.278086377374088,2,2.1184807078560213
30.92316929266152,1,2.341017225021963
25.958508573224243,2,2.389617017156804
354.09710298704243,9,18.031952813257032
326.0484082787414,9,24.81622493693272
30.278624561443472,1,1.7683655221695838
34.17846056032571,1,2.786407320458591
32.5751763360433,2,2.351203284575533
31.708779878885796,2,2.367152337780748
35.74636663142838,1,1.628432867616008
23.695580228324772,3,1.2769359837199188
25.69793317358024,3,2.26447896819626
25.552427851872384,1,2.516481973576403
31.29861250860741,3,1.0981092891109108
28.90449735595568,2,1.4137041955736287
25.120633735113337,1,2.4904267245687377
31.07046872065102,3,2.177511227210758
27.41355774949814,2,2.013340528555268
28.286427417366152,3,2.6439912369009693
31.335251329346296,3,2.081372207423198
34.06754818000319,1,2.6529849586635943
37.896064077536955,3,2.571163227269176
29.68660451363414,1,2.4156746335316273
29.89549203017926,2,1.597314086474828
23.616257120898453,1,1.9220892628354487
24.96991309250149,1,2.3817955503099277
27.799777566515083,2,2.1812854075132426
31.80697802754207,3,2.4187813516791863
24.93584439832788,1,1.6797532826154078
33.31065337260523,2,2.2417127440573017
27.14626853125262,2,1.7038667345874423
23.52460613968192,1,1.6850473726407937
31.785077429825236,2,2.132528022420156
309.6603711357097,9,27.438635178291335
33.40976485647482,2,1.7508188039037766
25.40674026757901,3,2.781127565975211
23.998517964721117,2,1.6857575680519767
28.652965827777212,1,2.5422397915365353
27.895077595898684,3,2.563679121587379
23.111653160214544,1,2.123538688903152
26.69106767615806,3,1.6446199482254107
238.88940956635392,10,19.735519972919978
26.489734530613237,1,2.9056875143324907
252.19115584251765,8,26.62982337142617
29.164409598415727,2,1.7135639552311257
362.4890350701803,9,21.421622247596158
31.137299673020646,3,2.5579510266826806
357.3311958280964,9,25.603687224083256
29.200307350182864,1,2.075068058185692
346.87800611023823,9,17.602876291420344
220.5767729791221,10,18.646897102360317
27.430665413316532,1,1.3111496134415739
244.14293365617448,10,17.53625223610024
296.2894510725305,9,17.070921703711328
33.1417275463214,3,2.612566174083937
30.86590462925591,3,1.5798592846714354
25.459879622393945,2,1.404354930356097
29.360412042596167,3,3.3390549368191964
249.9281461747461,10,19.2313121383639
31.404959338675162,1,1.6320980424785851
31.383453996650097,1,1.9039444736392799
26.083733538318814,2,1.6876052265329737
30.242608139724133,1,2.024789260242353
29.456199257715713,2,1.889069548102347
41.35346428902198,2,0.7901273762941188
27.282876144331176,1,2.68485438898489
24.376789540810655,3,2.0150807862675624
27.00303677277989,1,1.568024389289597
343.1798329623295,8,15.211458755551309
24.15660981190234,3,0.9529396861681114
23.81524644560959,2,1.784102105679897
25.04731837434656,2,2.09055825510553
30.92418061847437,2,1.3242771175540144
31.972260711891483,2,2.980345636080523
27.62527344419522,2,1.6454831441676474
34.678391965737305,2,1.8635123000400824
25.310874800424386,2,2.0436655289577046
27.682911535937688,3,1.9558286704954524
27.115540652384254,1,1.4098535302050532
26.741998261970913,3,1.971008026283883
27.275404565955252,2,1.8016689200890412
28.142795670021044,2,2.0076894906860527
307.85268027007254,9,20.462703077468113
29.038195176094387,3,1.7729052208442422
33.48103182406709,1,2.6015563232154024
27.8655946502629,2,2.0412563496615945
338.60473944876446,10,27.2451511563962
25.621908733076214,2,1.0821711835689816
346.2080911927951,10,18.055855733457133
26.25756731721723,1,2.0716695838031156
40.719720446626624,3,1.7758098904730588
30.36658983594202,1,1.6182843299249976
